num_expediente;fecha;hora;localizacion;numero;cod_distrito;distrito;tipo_accidente;estado_meteorológico;tipo_vehiculo;tipo_persona;rango_edad;sexo;cod_lesividad;lesividad;coordenada_x_utm;coordenada_y_utm;positiva_alcohol;positiva_droga
2024S000027;01/01/2024;16:30:00;CALL. ALEJANDRO MORAN / CALL. GENERAL RICARDOS;2;11;CARABANCHEL;Colisión fronto-lateral;Despejado;Bicicleta EPAC (pedaleo asistido);Conductor;De 25 a 29 años;Hombre;7;Asistencia sanitaria sólo en el lugar del accidente;437731,537;4470986,332;N;NULL
2024S000058;02/01/2024;9:45:00;GTA. LOZARES / AVDA. REAL DE PINTO;0;17;VILLAVERDE;Caída;Despejado;Bicicleta;Conductor;De 70 a 74 años;Hombre;2;Ingreso inferior o igual a 24 horas;439897,376;4465732,64;N;NULL
2024S000081;02/01/2024;19:30:00;CALL. HORTALEZA, 96;96;1;CENTRO;Atropello a persona;Nublado;Bicicleta EPAC (pedaleo asistido);Conductor;De 30 a 34 años;Hombre;14;Sin asistencia sanitaria;440785,232;4475122,284;N;NULL
2024S000081;02/01/2024;19:30:00;CALL. HORTALEZA, 96;96;1;CENTRO;Atropello a persona;Nublado;Bicicleta EPAC (pedaleo asistido);Peatón;De 65 a 69 años;Hombre;2;Ingreso inferior o igual a 24 horas;440785,232;4475122,284;N;NULL
2024S000108;03/01/2024;8:30:00;CALL. BRAVO MURILLO, 154;154;6;TETUÁN;Alcance;LLuvia intensa;Bicicleta EPAC (pedaleo asistido);Conductor;De 35 a 39 años;Hombre;7;Asistencia sanitaria sólo en el lugar del accidente;440364,283;4478099,265;N;NULL
2024S000168;03/01/2024;11:30:00;PASEO. EXTREMADURA, 21;21;10;LATINA;Caída;Lluvia débil;Bicicleta;Conductor;De 25 a 29 años;Mujer;7;Asistencia sanitaria sólo en el lugar del accidente;438247,325;4473923,94;N;NULL
2024S001478;03/01/2024;8:45:00;CALL. MIRASIERRA / CALL. CALESAS;7;12;USERA;Caída;Lluvia débil;Bicicleta;Conductor;De 60 a 64 años;Hombre;3;Ingreso superior a 24 horas;440100,632;4471248,706;N;NULL
2024S000274;04/01/2024;20:30:00;CALL. NUESTRA SEÑORA DE VALVERDE / CALL. ISLA PARAGUA;37;8;FUENCARRAL-EL PARDO;Colisión fronto-lateral;LLuvia intensa;Bicicleta;Conductor;De 30 a 34 años;Hombre;2;Ingreso inferior o igual a 24 horas;441782,639;4482707,325;N;NULL
2024S000275;04/01/2024;20:05:00;CALL. SERRANO / CALL. CONDE DE ARANDA;10;4;SALAMANCA;Caída;Lluvia débil;Bicicleta EPAC (pedaleo asistido);Conductor;De 55 a 59 años;Hombre;3;Ingreso superior a 24 horas;441603,455;4474804,734;N;NULL
2024S000361;06/01/2024;0:45:00;CALL. ALCALA / CALL. JULIO CAMBA;200A;4;SALAMANCA;Alcance;Despejado;Bicicleta EPAC (pedaleo asistido);Conductor;De 21 a 24 años;Hombre;3;Ingreso superior a 24 horas;443677,146;4475740,87;N;NULL
2024S000389;06/01/2024;13:08:00;CALL. ALEJANDRO MORAN / CALL. JUAN FRANCISCO;11;11;CARABANCHEL;Colisión fronto-lateral;Despejado;Bicicleta;Conductor;De 21 a 24 años;Hombre;7;Asistencia sanitaria sólo en el lugar del accidente;437783,88;4470932,349;N;NULL
2024S000469;07/01/2024;13:15:00;CTRA. TELEFERICO, 1;1;9;MONCLOA-ARAVACA;Caída;Despejado;Bicicleta;Conductor;De 10 a 14 años;Hombre;5;Asistencia sanitaria ambulatoria con posterioridad;435993,349;4474891,868;N;NULL
2024S000469;07/01/2024;13:15:00;CTRA. TELEFERICO, 1;1;9;MONCLOA-ARAVACA;Caída;Despejado;Bicicleta;Conductor;De 18 a 20 años;Hombre;14;Sin asistencia sanitaria;435993,349;4474891,868;N;NULL
2024S000511;08/01/2024;11:00:00;CALL. ALCALA, 265;265;15;CIUDAD LINEAL;Colisión lateral;Despejado;Bicicleta;Conductor;De 15 a 17 años;Hombre;14;Sin asistencia sanitaria;444242,47;4475898,223;N;NULL
2024S000682;09/01/2024;16:20:00;CALL. AYALA, 1;1;4;SALAMANCA;Alcance;Despejado;Bicicleta EPAC (pedaleo asistido);Conductor;De 25 a 29 años;Mujer;6;Asistencia sanitaria inmediata en centro de salud o mutua;441552,933;4475485,969;N;NULL
2024S000803;10/01/2024;8:15:00;PASEO. PONTONES, 18;18;2;ARGANZUELA;Colisión fronto-lateral;Nublado;Bicicleta EPAC (pedaleo asistido);Conductor;De 15 a 17 años;Mujer;2;Ingreso inferior o igual a 24 horas;439123,199;4472869,898;N;NULL
2024S000909;11/01/2024;15:20:00;CALL. ALBADALEJO, 42;42;20;SAN BLAS-CANILLEJAS;Caída;Despejado;Bicicleta;Conductor;De 21 a 24 años;Hombre;7;Asistencia sanitaria sólo en el lugar del accidente;447763,739;4476314,288;N;NULL
2024S000988;12/01/2024;16:40:00;CALL. ANTONIO LOPEZ, 256A;256A;12;USERA;Colisión lateral;Despejado;Bicicleta EPAC (pedaleo asistido);Conductor;Desconocido;Hombre;14;Sin asistencia sanitaria;440957,797;4470107,246;N;NULL
2024S001002;12/01/2024;17:12:00;CALL. OLIVAR, 52;52;1;CENTRO;Atropello a persona;Despejado;Bicicleta;Conductor;De 35 a 39 años;Mujer;14;Sin asistencia sanitaria;440485,819;4473427,062;N;NULL
2024S001002;12/01/2024;17:12:00;CALL. OLIVAR, 52;52;1;CENTRO;Atropello a persona;Despejado;Bicicleta;Peatón;De 65 a 69 años;Mujer;NULL;NULL;440485,819;4473427,062;N;NULL
2024S001006;12/01/2024;14:35:00;CALL. LUCHANA, 16;16;7;CHAMBERÍ;Alcance;Despejado;Bicicleta EPAC (pedaleo asistido);Conductor;De 15 a 17 años;Hombre;NULL;NULL;440573,057;4475744,449;N;NULL
2024S001024;12/01/2024;22:00:00;CALL. MENDEZ ALVARO, 21;21;2;ARGANZUELA;Alcance;Despejado;Bicicleta;Conductor;De 21 a 24 años;Hombre;2;Ingreso inferior o igual a 24 horas;441836,659;4472409,478;N;NULL
2024S001264;13/01/2024;8:25:00;CALL. TOLEDO, 172;172;2;ARGANZUELA;Caída;Despejado;Bicicleta EPAC (pedaleo asistido);Conductor;De 30 a 34 años;Hombre;5;Asistencia sanitaria ambulatoria con posterioridad;439419,956;4472618,102;S;NULL
2024S001308;13/01/2024;17:45:00;SENDA FLUVIAL DEL MANZANARES S/N;43;9;MONCLOA-ARAVACA;Caída;Despejado;Bicicleta;Conductor;De 45 a 49 años;Hombre;2;Ingreso inferior o igual a 24 horas;436146,984;4480164,743;N;NULL
2024S001419;14/01/2024;9:14:00;AVDA. REAL DE PINTO, 1;1;17;VILLAVERDE;Alcance;Despejado;Bicicleta EPAC (pedaleo asistido);Conductor;Más de 74 años;Hombre;7;Asistencia sanitaria sólo en el lugar del accidente;440041,952;4466767,504;N;NULL
2024S001426;14/01/2024;10:50:00;CTRA. ESTACION DE HORTALEZA / AVDA. NICETO ALCALA ZAMORA;1;16;HORTALEZA;Caída;Lluvia débil;Bicicleta;Conductor;De 55 a 59 años;Hombre;1;Atención en urgencias sin posterior ingreso;444927,029;4481291,076;N;NULL
2024S001434;14/01/2024;14:35:00;CALL. PEZ / CALL. SAN ROQUE;6;1;CENTRO;Colisión fronto-lateral;Lluvia débil;Bicicleta;Conductor;De 18 a 20 años;Hombre;7;Asistencia sanitaria sólo en el lugar del accidente;440255,05;4474939,888;N;NULL
2024S001447;14/01/2024;18:30:00;CALL. CARAMUEL / CALL. VIA CARPETANA;70;10;LATINA;Caída;Lluvia débil;Bicicleta EPAC (pedaleo asistido);Conductor;De 40 a 44 años;Mujer;3;Ingreso superior a 24 horas;438058,082;4472658,999;N;NULL
2024S001451;14/01/2024;19:30:00;CALL. VIRGEN DE LA ALEGRIA / PLAZA. JOSE BANUS;18;15;CIUDAD LINEAL;Caída;Nublado;Bicicleta EPAC (pedaleo asistido);Conductor;De 30 a 34 años;Hombre;7;Asistencia sanitaria sólo en el lugar del accidente;444388,766;4476240,957;N;NULL
2024S001485;14/01/2024;14:05:00;CALL. TUDESCOS / CALL. MIGUEL MOYA;4;1;CENTRO;Caída;LLuvia intensa;Bicicleta;Conductor;De 45 a 49 años;Hombre;6;Asistencia sanitaria inmediata en centro de salud o mutua;440139,255;4474731,17;N;NULL
2024S001473;15/01/2024;8:18:00;CALL. MORATINES / CALL. MARTIN DE VARGAS;8;2;ARGANZUELA;Caída;Lluvia débil;Bicicleta;Conductor;De 40 a 44 años;Hombre;1;Atención en urgencias sin posterior ingreso;440403,503;4472785,084;N;NULL
2024S001491;15/01/2024;11:45:00;CALL. CABEZA MESADA / CALL. PUERTO DE PORZUNA;38;18;VILLA DE VALLECAS;Caída;Lluvia débil;Bicicleta EPAC (pedaleo asistido);Conductor;De 30 a 34 años;Mujer;1;Atención en urgencias sin posterior ingreso;446961,005;4469333,983;N;NULL
2024S001495;15/01/2024;12:00:00;PLAZA. INDEPENDENCIA, 5;5;4;SALAMANCA;Caída;Lluvia débil;Bicicleta;Conductor;De 35 a 39 años;Hombre;1;Atención en urgencias sin posterior ingreso;441592,692;4474656,888;N;NULL
2024S001558;15/01/2024;20:30:00;CALL. MESON DE PAREDES / CALL. JUANELO;7;1;CENTRO;Colisión fronto-lateral;Lluvia débil;Bicicleta;Conductor;De 21 a 24 años;Hombre;NULL;NULL;440178,731;4473657,333;N;NULL
2024S001577;15/01/2024;11:25:00;CALL. NECTAR / CALL. SAN MARIANO;22;20;SAN BLAS-CANILLEJAS;Colisión fronto-lateral;Lluvia débil;Bicicleta;Conductor;De 25 a 29 años;Mujer;7;Asistencia sanitaria sólo en el lugar del accidente;448083,312;4477011,145;N;NULL
2024S001567;16/01/2024;8:20:00;CALL. ANTONIO TOLEDANO / CALL. FUNDADORES;9;4;SALAMANCA;Caída;Nublado;Bicicleta EPAC (pedaleo asistido);Conductor;De 55 a 59 años;Hombre;5;Asistencia sanitaria ambulatoria con posterioridad;443426,656;4475100,811;N;NULL
2024S001576;16/01/2024;12:00:00;CALL. DATIL / CALL. CARABANCHEL BAJO;33;11;CARABANCHEL;Caída;Lluvia débil;Bicicleta EPAC (pedaleo asistido);Conductor;De 30 a 34 años;Mujer;6;Asistencia sanitaria inmediata en centro de salud o mutua;436665,301;4469684,331;N;NULL
2024S001589;16/01/2024;14:44:00;CALL. ALBERTO AGUILERA, 10;10;7;CHAMBERÍ;Caída;Despejado;Bicicleta EPAC (pedaleo asistido);Conductor;De 55 a 59 años;Hombre;3;Ingreso superior a 24 horas;440028,52;4475699,931;N;NULL
2024S001613;16/01/2024;18:28:00;CMNO. ZARZON, 6;6;9;MONCLOA-ARAVACA;Caída;Lluvia débil;Bicicleta;Conductor;De 10 a 14 años;Hombre;14;Sin asistencia sanitaria;435449,456;4473434,817;N;NULL
2024S001639;17/01/2024;7:45:00;CALL. GENERAL RICARDOS / CALL. ARMENGOT;14;11;CARABANCHEL;Alcance;Lluvia débil;Bicicleta;Conductor;De 25 a 29 años;Hombre;NULL;NULL;439067,352;4472023,806;N;NULL
2024S001750;18/01/2024;20:15:00;CALL. FERRAZ, 24;24;9;MONCLOA-ARAVACA;Alcance;Despejado;Bicicleta;Conductor;De 25 a 29 años;Hombre;14;Sin asistencia sanitaria;439230,718;4475191,497;N;NULL
2024S001791;19/01/2024;8:30:00;PLAZA. VILLA, 1;1;1;CENTRO;Caída;LLuvia intensa;Bicicleta;Conductor;De 45 a 49 años;Hombre;1;Atención en urgencias sin posterior ingreso;439719,043;4474114,072;N;NULL
2024S001803;19/01/2024;15:20:00;CALL. JORGE JUAN / CALL. ALCALA;64;4;SALAMANCA;Caída;Lluvia débil;Bicicleta EPAC (pedaleo asistido);Conductor;De 45 a 49 años;Mujer;6;Asistencia sanitaria inmediata en centro de salud o mutua;442468,721;4474982,276;N;NULL
2024S001811;19/01/2024;15:20:00;CALL. BOLIVAR, 22A;22A;2;ARGANZUELA;Caída;Lluvia débil;Bicicleta;Conductor;De 25 a 29 años;Mujer;6;Asistencia sanitaria inmediata en centro de salud o mutua;441323,411;4471538,874;N;NULL
2024S001811;19/01/2024;15:20:00;CALL. BOLIVAR, 22A;22A;2;ARGANZUELA;Caída;Lluvia débil;Bicicleta;Peatón;De 45 a 49 años;Hombre;14;Sin asistencia sanitaria;441323,411;4471538,874;N;NULL
2024S002228;21/01/2024;15:50:00;CALL. VERSALLES, 157A;157A;20;SAN BLAS-CANILLEJAS;Colisión fronto-lateral;Despejado;Bicicleta;Conductor;De 55 a 59 años;Hombre;3;Ingreso superior a 24 horas;448089,575;4474359,87;N;NULL
2024S002428;23/01/2024;17:30:00;CALL. NADOR, 23;23;6;TETUÁN;Colisión lateral;NULL;Bicicleta EPAC (pedaleo asistido);Conductor;De 10 a 14 años;Hombre;14;Sin asistencia sanitaria;441063,928;4480543,98;N;NULL
2024S002432;23/01/2024;18:50:00;CALL. CONCEJAL FRANCISCO JOSE JIMENEZ MARTIN / CALL. CARAMUEL;1;10;LATINA;Caída;Despejado;Bicicleta;Conductor;De 45 a 49 años;Mujer;2;Ingreso inferior o igual a 24 horas;438073,069;4472796,007;N;NULL
2024S002437;23/01/2024;18:50:00;CALL. VALMOJADO, 45;45;10;LATINA;Colisión lateral;Despejado;Bicicleta EPAC (pedaleo asistido);Conductor;De 15 a 17 años;Hombre;6;Asistencia sanitaria inmediata en centro de salud o mutua;435660,78;4472155,822;N;NULL
2024S002481;23/01/2024;7:40:00;PASEO. CAMOENS Y VALERO / PASEO. RUPERTO CHAPI;4;9;MONCLOA-ARAVACA;Colisión fronto-lateral;Despejado;Bicicleta;Conductor;De 50 a 54 años;Hombre;7;Asistencia sanitaria sólo en el lugar del accidente;438336,334;4476026,546;N;NULL
2024S002516;24/01/2024;11:50:00;CALL. ALCALA / IDB. PUENTE DE VENTAS;206;4;SALAMANCA;Alcance;Despejado;Bicicleta;Conductor;De 18 a 20 años;Hombre;7;Asistencia sanitaria sólo en el lugar del accidente;443911,569;4475826,057;N;NULL
2024S002705;25/01/2024;13:53:00;CALL. EMBAJADORES, 158;158;2;ARGANZUELA;Alcance;Despejado;Bicicleta;Conductor;De 25 a 29 años;Mujer;NULL;NULL;440896,73;4472006,731;N;NULL
2024S002718;25/01/2024;16:30:00;AVDA. COMPLUTENSE / CALL. JOSE ANTONIO NOVAIS;6;9;MONCLOA-ARAVACA;Choque contra obstáculo fijo;Despejado;Bicicleta;Conductor;De 21 a 24 años;Hombre;1;Atención en urgencias sin posterior ingreso;438313,755;4477495,201;N;NULL
2024S002783;26/01/2024;12:05:00;CALL. PARQUE EUGENIA DE MONTIJO, 18;18;11;CARABANCHEL;Atropello a persona;Despejado;Bicicleta EPAC (pedaleo asistido);Conductor;De 65 a 69 años;Hombre;2;Ingreso inferior o igual a 24 horas;436035,253;4470082,063;N;NULL
2024S002783;26/01/2024;12:05:00;CALL. PARQUE EUGENIA DE MONTIJO, 18;18;11;CARABANCHEL;Atropello a persona;Despejado;Bicicleta EPAC (pedaleo asistido);Peatón;De 60 a 64 años;Hombre;14;Sin asistencia sanitaria;436035,253;4470082,063;N;NULL
2024S002795;26/01/2024;15:00:00;CALL. ARTURO SORIA / CALL. BUESO PINEDA;143;15;CIUDAD LINEAL;Colisión fronto-lateral;Despejado;Bicicleta;Conductor;De 45 a 49 años;Mujer;7;Asistencia sanitaria sólo en el lugar del accidente;444451,696;4478372,609;N;NULL
2024S002805;26/01/2024;16:00:00;AVDA. MORERAS, 3;3;9;MONCLOA-ARAVACA;Alcance;Despejado;Bicicleta;Conductor;De 40 a 44 años;Hombre;2;Ingreso inferior o igual a 24 horas;438934,185;4477988,652;N;NULL
2024S002805;26/01/2024;16:00:00;AVDA. MORERAS, 3;3;9;MONCLOA-ARAVACA;Alcance;Despejado;Bicicleta;Pasajero;De 21 a 24 años;Hombre;14;Sin asistencia sanitaria;438934,185;4477988,652;N;NULL
2024S002805;26/01/2024;16:00:00;AVDA. MORERAS, 3;3;9;MONCLOA-ARAVACA;Alcance;Despejado;Bicicleta;Peatón;De 25 a 29 años;Hombre;14;Sin asistencia sanitaria;438934,185;4477988,652;N;NULL
2024S002805;26/01/2024;16:00:00;AVDA. MORERAS, 3;3;9;MONCLOA-ARAVACA;Alcance;Despejado;Bicicleta;Peatón;De 30 a 34 años;Hombre;14;Sin asistencia sanitaria;438934,185;4477988,652;N;NULL
2024S003082;27/01/2024;10:40:00;AUTOV. M-607, +01300S;+01300S;8;FUENCARRAL-EL PARDO;Caída;Despejado;Bicicleta;Conductor;De 40 a 44 años;Hombre;NULL;NULL;441507,468;4486519,847;N;NULL
2024S003148;28/01/2024;0:00:00;PASEO. PRADO, 48;48;1;CENTRO;Colisión fronto-lateral;Despejado;Bicicleta EPAC (pedaleo asistido);Conductor;De 25 a 29 años;Hombre;6;Asistencia sanitaria inmediata en centro de salud o mutua;441259,4;4473468,966;N;NULL
2024S003233;28/01/2024;2:30:00;CALL. LUCHANA, 21;21;7;CHAMBERÍ;Alcance;Despejado;Bicicleta;Conductor;De 35 a 39 años;Hombre;7;Asistencia sanitaria sólo en el lugar del accidente;440591,325;4475759,51;N;NULL
2024S003434;29/01/2024;14:30:00;CALL. GENERAL RICARDOS, 104;104;11;CARABANCHEL;Colisión lateral;Despejado;Bicicleta EPAC (pedaleo asistido);Conductor;De 15 a 17 años;Hombre;5;Asistencia sanitaria ambulatoria con posterioridad;438452,686;4471590,769;N;NULL
2024S003457;29/01/2024;20:17:00;CALL. ELOY GONZALO / CALL. TRAFALGAR;17;7;CHAMBERÍ;Alcance;Despejado;Bicicleta;Conductor;De 55 a 59 años;Hombre;14;Sin asistencia sanitaria;440516,464;4476200,917;N;NULL
2024S003464;29/01/2024;20:42:00;CALL. EMBAJADORES, 86;86;2;ARGANZUELA;Caída;Despejado;Bicicleta;Conductor;De 45 a 49 años;Hombre;7;Asistencia sanitaria sólo en el lugar del accidente;440482,847;4472768,007;N;NULL
2024S003505;30/01/2024;13:20:00;CALL. BOLIVAR, 17A;17A;2;ARGANZUELA;Colisión fronto-lateral;Despejado;Bicicleta;Conductor;De 21 a 24 años;Hombre;NULL;NULL;441490,02;4471606,184;N;NULL
2024S003525;30/01/2024;17:06:00;CTRA. ALCOBENDAS A BARAJAS / CALL. CONCORDIA;14;21;BARAJAS;Colisión fronto-lateral;Despejado;Bicicleta;Conductor;De 21 a 24 años;Hombre;6;Asistencia sanitaria inmediata en centro de salud o mutua;449221,239;4482715,331;N;NULL
2024S003530;30/01/2024;15:15:00;PASEO. URUGUAY, 5;5;3;RETIRO;Caída;NULL;Bicicleta EPAC (pedaleo asistido);Conductor;De 30 a 34 años;Mujer;NULL;NULL;442169,503;4473632,145;N;NULL
2024S003536;30/01/2024;18:35:00;CALL. SOFIA / AVDA. CANILLEJAS A VICALVARO;7;20;SAN BLAS-CANILLEJAS;Colisión fronto-lateral;Despejado;Bicicleta;Conductor;De 25 a 29 años;Mujer;7;Asistencia sanitaria sólo en el lugar del accidente;448219,536;4474427,311;N;NULL
2024S003547;30/01/2024;22:10:00;CALL. SOLEDAD CAZORLA / CALL. VALLE INCLAN;1;10;LATINA;Caída;Despejado;Bicicleta;Conductor;De 30 a 34 años;Hombre;5;Asistencia sanitaria ambulatoria con posterioridad;434229,697;4469841,265;S;NULL
2024S003582;31/01/2024;9:35:00;CALL. JERONIMA LLORENTE / AVDA. DOCTOR FEDERICO RUBIO Y GALI;78;6;TETUÁN;Colisión lateral;Despejado;Bicicleta;Conductor;De 21 a 24 años;Mujer;6;Asistencia sanitaria inmediata en centro de salud o mutua;439845,63;4478182,029;N;NULL
2024S003590;31/01/2024;14:25:00;CALL. ILLESCAS / CALL. CAMARENA;80;10;LATINA;Caída;Despejado;Bicicleta;Conductor;De 45 a 49 años;Hombre;7;Asistencia sanitaria sólo en el lugar del accidente;435830,244;4471547,877;N;NULL
2024S003612;31/01/2024;18:20:00;AEROP. TERMINAL T-4, 0;0;21;BARAJAS;Alcance;Despejado;Bicicleta;Conductor;De 25 a 29 años;Mujer;7;Asistencia sanitaria sólo en el lugar del accidente;449951,089;4481544,923;N;NULL
2024S004705;31/01/2024;9:05:00;CALL. VIRGEN DE LLUC / CALL. BUEN GOBERNADOR;12;15;CIUDAD LINEAL;Colisión fronto-lateral;Despejado;Bicicleta;Conductor;De 30 a 34 años;Hombre;7;Asistencia sanitaria sólo en el lugar del accidente;444464,372;4476185,781;N;NULL
2024S003651;01/02/2024;13:15:00;AVDA. POBLADOS / CALL. VALMOJADO;41;10;LATINA;Colisión lateral;Despejado;Bicicleta;Conductor;De 40 a 44 años;Hombre;5;Asistencia sanitaria ambulatoria con posterioridad;435367,14;4470820,003;N;NULL
2024S003864;02/02/2024;23:45:00;CALL. MARQUES DE VIANA / CALL. MATADERO;67;6;TETUÁN;Colisión lateral;Despejado;Bicicleta;Conductor;De 21 a 24 años;Hombre;NULL;NULL;440387,174;4479393,251;N;NULL
2024S003865;02/02/2024;23:40:00;CALL. TOLEDO, 90;90;1;CENTRO;Colisión frontal;Despejado;Bicicleta;Conductor;De 15 a 17 años;Hombre;7;Asistencia sanitaria sólo en el lugar del accidente;439699,432;4473338,671;N;NULL
2024S004039;03/02/2024;9:38:00;PUENTE DE VALLECAS;2;13;PUENTE DE VALLECAS;Choque contra obstáculo fijo;Despejado;Bicicleta;Conductor;De 25 a 29 años;Hombre;2;Ingreso inferior o igual a 24 horas;444512,017;4471372,88;N;NULL
2024S004039;03/02/2024;9:38:00;PUENTE DE VALLECAS;2;13;PUENTE DE VALLECAS;Choque contra obstáculo fijo;Despejado;Bicicleta;Peatón;De 60 a 64 años;Mujer;14;Sin asistencia sanitaria;444512,017;4471372,88;N;NULL
2024S004259;03/02/2024;16:15:00;CALL. MONASTERIO DE LAS HUELGAS, 5;5;8;FUENCARRAL-EL PARDO;Caída;Despejado;Bicicleta;Conductor;De 40 a 44 años;Hombre;2;Ingreso inferior o igual a 24 horas;440060,198;4483626,391;N;NULL
2024S004121;04/02/2024;0:40:00;CALL. TOLEDO, 48;48;1;CENTRO;Colisión fronto-lateral;Despejado;Bicicleta;Conductor;De 21 a 24 años;Hombre;NULL;NULL;439934,732;4473725,795;N;NULL
2024S004248;04/02/2024;10:10:00;RONDA. ATOCHA, 2;2;1;CENTRO;Caída;Despejado;Bicicleta;Conductor;De 25 a 29 años;Hombre;7;Asistencia sanitaria sólo en el lugar del accidente;441085,223;4473200,73;N;NULL
2024S004298;04/02/2024;22:00:00;CALL. SILVA, 25;25;1;CENTRO;Colisión frontal;Despejado;Bicicleta EPAC (pedaleo asistido);Conductor;De 35 a 39 años;Hombre;7;Asistencia sanitaria sólo en el lugar del accidente;440143,655;4474820,402;N;NULL
2024S005619;07/02/2024;12:10:00;CALL. SERRANO, 72;72;4;SALAMANCA;Colisión fronto-lateral;Despejado;Bicicleta;Conductor;De 25 a 29 años;Mujer;NULL;NULL;441732,943;4475760,181;N;NULL
2024S004815;08/02/2024;0:20:00;CALL. CAIDOS DE LA DIVISION AZUL / CALL. ALFONSO VIII;6;5;CHAMARTÍN;Caída;Despejado;Bicicleta;Conductor;De 25 a 29 años;Hombre;2;Ingreso inferior o igual a 24 horas;442638,489;4479891,332;N;NULL
2024S004966;08/02/2024;20:15:00;PASEO. ESPERANZA, 31;31;2;ARGANZUELA;Colisión fronto-lateral;Lluvia débil;Bicicleta;Conductor;De 25 a 29 años;Hombre;2;Ingreso inferior o igual a 24 horas;440267,726;4472399,375;N;NULL
2024S004985;08/02/2024;22:50:00;CALL. SANCHEZ PRECIADO, 73;73;9;MONCLOA-ARAVACA;Caída;Lluvia débil;Bicicleta;Conductor;De 30 a 34 años;Mujer;1;Atención en urgencias sin posterior ingreso;439850,773;4479451;N;NULL
2024S005005;09/02/2024;8:06:00;CALL. CONVENIO / CALL. MENDEZ ALVARO;25;13;PUENTE DE VALLECAS;Caída;Lluvia débil;Bicicleta;Conductor;De 50 a 54 años;Mujer;3;Ingreso superior a 24 horas;442958,816;4471482,822;N;NULL
2024S005032;09/02/2024;14:05:00;CALL. VELAZQUEZ / CALL. DIEGO DE LEON;100;4;SALAMANCA;Colisión fronto-lateral;Lluvia débil;Bicicleta;Conductor;De 30 a 34 años;Hombre;2;Ingreso inferior o igual a 24 horas;442046,476;4476220,228;N;NULL
2024S005074;09/02/2024;21:45:00;CALL. VALDERRIBAS, 48;48;3;RETIRO;Caída;Lluvia débil;Bicicleta;Conductor;De 25 a 29 años;Hombre;3;Ingreso superior a 24 horas;442944,308;4472693,013;N;NULL
2024S005111;09/02/2024;22:35:00;CALL. SAN GERMAN, 12;12;6;TETUÁN;Colisión fronto-lateral;Lluvia débil;Bicicleta;Conductor;De 30 a 34 años;Hombre;2;Ingreso inferior o igual a 24 horas;441250,676;4478631,041;N;NULL
2024S005677;09/02/2024;14:00:00;PLAZA. REPUBLICA DE CHILE / AVDA. SENECA;0;9;MONCLOA-ARAVACA;Colisión lateral;Despejado;Bicicleta;Conductor;De 40 a 44 años;Mujer;6;Asistencia sanitaria inmediata en centro de salud o mutua;437753,272;4476224,669;N;NULL
2024S005143;10/02/2024;12:00:00;AVDA. NICETO ALCALA ZAMORA / CALL. MARIA DE PORTUGAL;33;16;HORTALEZA;Colisión fronto-lateral;Nublado;Bicicleta;Conductor;De 50 a 54 años;Hombre;2;Ingreso inferior o igual a 24 horas;444161,054;4483515,931;N;NULL
2024S005170;10/02/2024;21:00:00;PLAZA. MADRE MOLAS / CALL. PADRE DAMIAN;2;5;CHAMARTÍN;Colisión lateral;Despejado;Bicicleta;Conductor;De 21 a 24 años;Hombre;7;Asistencia sanitaria sólo en el lugar del accidente;441918,826;4479366,818;N;NULL
2024S005175;10/02/2024;22:10:00;CALL. SAN BERNARDO, 63;63;1;CENTRO;Alcance;Despejado;Bicicleta;Conductor;De 35 a 39 años;Hombre;NULL;NULL;440041,672;4475333,994;N;NULL
2024S005280;11/02/2024;12:15:00;CALL. MANUEL NOYA / CALL. JUAN ESPAÑOL;15;12;USERA;Colisión fronto-lateral;Despejado;Bicicleta;Conductor;De 30 a 34 años;Hombre;6;Asistencia sanitaria inmediata en centro de salud o mutua;439522,702;4470908,433;N;NULL
2024S005335;12/02/2024;9:20:00;CALL. ALCALA, 28;28;1;CENTRO;Caída;Despejado;Bicicleta;Conductor;De 35 a 39 años;Mujer;6;Asistencia sanitaria inmediata en centro de salud o mutua;440740,598;4474393,758;N;NULL
2024S005354;12/02/2024;9:30:00;CALL. TOLEDO / CALL. CAPITAN SALAZAR MARTINEZ;123;1;CENTRO;Atropello a persona;NULL;Bicicleta;Conductor;De 30 a 34 años;Hombre;14;Sin asistencia sanitaria;439645,511;4473218,622;N;NULL
2024S005354;12/02/2024;9:30:00;CALL. TOLEDO / CALL. CAPITAN SALAZAR MARTINEZ;123;1;CENTRO;Atropello a persona;NULL;Bicicleta;Conductor;Desconocido;Desconocido;NULL;NULL;439645,511;4473218,622;N;NULL
2024S005354;12/02/2024;9:30:00;CALL. TOLEDO / CALL. CAPITAN SALAZAR MARTINEZ;123;1;CENTRO;Atropello a persona;NULL;Bicicleta;Peatón;Desconocido;Desconocido;NULL;NULL;439645,511;4473218,622;N;NULL
2024S005472;12/02/2024;15:10:00;CALL. HERMANOS GARCIA NOBLEJAS / CALL. SANTO DOMINGO SAVIO;68;15;CIUDAD LINEAL;Alcance;Despejado;Bicicleta;Conductor;De 25 a 29 años;Mujer;7;Asistencia sanitaria sólo en el lugar del accidente;446286,965;4475804,322;N;NULL
2024S005526;13/02/2024;8:20:00;ANILLO VERDE CICLISTA P.K. 23.600;73;13;PUENTE DE VALLECAS;Caída;Despejado;Bicicleta;Conductor;De 45 a 49 años;Hombre;2;Ingreso inferior o igual a 24 horas;444000,596;4468919,866;N;NULL
2024S005571;13/02/2024;16:30:00;CALL. ALFONSO XII / CALL. CLAUDIO MOYANO;54;3;RETIRO;Caída;Despejado;Bicicleta;Conductor;De 21 a 24 años;Mujer;7;Asistencia sanitaria sólo en el lugar del accidente;441553,92;4473524,627;N;NULL
2024S005615;14/02/2024;13:05:00;CALL. DOCTOR ESQUERDO, 83;83;3;RETIRO;Caída;Despejado;Bicicleta;Conductor;De 70 a 74 años;Hombre;7;Asistencia sanitaria sólo en el lugar del accidente;443235,59;4474395,063;N;NULL
2024S005616;14/02/2024;12:20:00;AVDA. ARCENTALES, 20;20;20;SAN BLAS-CANILLEJAS;Alcance;Despejado;Bicicleta EPAC (pedaleo asistido);Conductor;De 25 a 29 años;Hombre;7;Asistencia sanitaria sólo en el lugar del accidente;448237,506;4476179,331;N;NULL
2024S005645;14/02/2024;16:10:00;CALL. ALCALDE SAINZ DE BARANDA, 109;109;3;RETIRO;Colisión fronto-lateral;Despejado;Bicicleta;Conductor;De 35 a 39 años;Mujer;1;Atención en urgencias sin posterior ingreso;443581,26;4474545,25;N;NULL
2023S040309;15/02/2024;14:05:00;CALL. TESORO / CALL. MINAS;18;1;CENTRO;Colisión fronto-lateral;Lluvia débil;Bicicleta;Conductor;De 25 a 29 años;Hombre;7;Asistencia sanitaria sólo en el lugar del accidente;440122,814;4475169,548;N;NULL
2024S005670;15/02/2024;1:05:00;CALL. AMBROS, 30;30;4;SALAMANCA;Choque contra obstáculo fijo;Despejado;Bicicleta;Conductor;De 25 a 29 años;Hombre;5;Asistencia sanitaria ambulatoria con posterioridad;443706,179;4474933,682;S;NULL
2024S005800;16/02/2024;13:41:00;CALL. JOSE ORTEGA Y GASSET / CALL. MONTESA;79;4;SALAMANCA;Alcance;Despejado;Bicicleta;Conductor;De 25 a 29 años;Hombre;3;Ingreso superior a 24 horas;442962,321;4475676,392;N;NULL
2024S005803;16/02/2024;14:50:00;GTA. PUENTE DE SEGOVIA, 3;3;10;LATINA;Colisión fronto-lateral;Despejado;Bicicleta;Conductor;De 25 a 29 años;Hombre;7;Asistencia sanitaria sólo en el lugar del accidente;438583,818;4473973,751;N;NULL
2024S005809;16/02/2024;14:57:00;CALL. PRINCESA / CALL. HILARION ESLAVA;70;7;CHAMBERÍ;Caída;Despejado;Bicicleta;Conductor;De 55 a 59 años;Hombre;5;Asistencia sanitaria ambulatoria con posterioridad;439193,362;4475918,458;N;NULL
2024S005820;16/02/2024;14:30:00;AVDA. BUENOS AIRES / AVDA. ENTREVIAS;1;13;PUENTE DE VALLECAS;Alcance;Despejado;Bicicleta;Conductor;De 45 a 49 años;Hombre;14;Sin asistencia sanitaria;444571,664;4469792,836;N;NULL
2024S005820;16/02/2024;14:30:00;AVDA. BUENOS AIRES / AVDA. ENTREVIAS;1;13;PUENTE DE VALLECAS;Alcance;Despejado;Bicicleta;Conductor;De 60 a 64 años;Hombre;7;Asistencia sanitaria sólo en el lugar del accidente;444571,664;4469792,836;N;NULL
2024S005841;16/02/2024;20:00:00;AVDA. DAROCA, 104;104;15;CIUDAD LINEAL;Alcance;Despejado;Bicicleta EPAC (pedaleo asistido);Conductor;De 35 a 39 años;Hombre;NULL;NULL;446431,876;4474439,129;N;NULL
2024S005864;16/02/2024;22:14:00;CALL. GRAN VIA, 74;74;1;CENTRO;Alcance;Despejado;Bicicleta EPAC (pedaleo asistido);Conductor;De 25 a 29 años;Hombre;1;Atención en urgencias sin posterior ingreso;439780,389;4474927,529;S;NULL
2024S006143;18/02/2024;10:28:00;AVDA. BRUSELAS, 51;51;4;SALAMANCA;Alcance;Despejado;Bicicleta;Conductor;De 50 a 54 años;Hombre;1;Atención en urgencias sin posterior ingreso;443744,476;4476632,929;N;NULL
2024S006154;18/02/2024;14:40:00;CALL. SAN BERNARDO / CALL. SAN VICENTE FERRER;57;1;CENTRO;Colisión fronto-lateral;Despejado;Bicicleta EPAC (pedaleo asistido);Conductor;De 50 a 54 años;Hombre;3;Ingreso superior a 24 horas;440022,566;4475290,758;N;NULL
2024S006173;18/02/2024;20:40:00;CMNO. PERALES / CALL. PERALEJO;110;12;USERA;Caída;Despejado;Bicicleta;Conductor;De 35 a 39 años;Hombre;2;Ingreso inferior o igual a 24 horas;441518,279;4469380,957;N;NULL
2024S006175;18/02/2024;19:40:00;CALL. GENERAL RICARDOS / CALL. RADIO;101;11;CARABANCHEL;Alcance;Despejado;Bicicleta;Conductor;De 21 a 24 años;Hombre;14;Sin asistencia sanitaria;438501,054;4471615,057;N;NULL
2024S006330;20/02/2024;20:40:00;GTA. PUERTA DE TOLEDO / CALL. TOLEDO;1;1;CENTRO;Atropello a persona;Despejado;Bicicleta;Conductor;De 35 a 39 años;Hombre;7;Asistencia sanitaria sólo en el lugar del accidente;439592,53;4473089,278;N;NULL
2024S006330;20/02/2024;20:40:00;GTA. PUERTA DE TOLEDO / CALL. TOLEDO;1;1;CENTRO;Atropello a persona;Despejado;Bicicleta;Peatón;De 70 a 74 años;Mujer;7;Asistencia sanitaria sólo en el lugar del accidente;439592,53;4473089,278;N;NULL
2024S006336;20/02/2024;19:45:00;CALL. ATOCHA, 115;115;1;CENTRO;Alcance;Despejado;Bicicleta;Conductor;De 55 a 59 años;Mujer;7;Asistencia sanitaria sólo en el lugar del accidente;441066,449;4473516,692;N;NULL
2024S006399;21/02/2024;18:00:00;CALL. O'DONNELL, 6;6;3;RETIRO;Caída;Despejado;Bicicleta;Conductor;De 50 a 54 años;Hombre;1;Atención en urgencias sin posterior ingreso;442400,347;4474772,459;N;NULL
2024S006450;22/02/2024;10:15:00;CALL. PRINCIPE DE VERGARA / CALL. CARTAGENA;140;5;CHAMARTÍN;Alcance;Nublado;Bicicleta EPAC (pedaleo asistido);Conductor;De 50 a 54 años;Hombre;14;Sin asistencia sanitaria;442471,405;4477293,25;N;NULL
2024S006483;22/02/2024;17:00:00;AVDA. MANZANARES, 106;106;11;CARABANCHEL;Caída;Despejado;Bicicleta;Conductor;De 45 a 49 años;Hombre;1;Atención en urgencias sin posterior ingreso;438955,882;4472351,469;N;NULL
2024S006576;23/02/2024;15:20:00;AVDA. DEMOCRACIA / AVDA. ALBUFERA;3;13;PUENTE DE VALLECAS;Caída;Lluvia débil;Bicicleta;Conductor;De 45 a 49 años;Mujer;6;Asistencia sanitaria inmediata en centro de salud o mutua;446917,759;4470461,882;N;NULL
2024S006666;23/02/2024;18:42:00;CALL. DRACENA / CALL. MAESTRO LASSALLE;11;5;CHAMARTÍN;Colisión fronto-lateral;Lluvia débil;Bicicleta;Conductor;De 10 a 14 años;Hombre;7;Asistencia sanitaria sólo en el lugar del accidente;442953,523;4479376,288;N;NULL
2024S006667;23/02/2024;16:55:00;CALL. FELIPE IV / CALL. RUIZ DE ALARCON;4;3;RETIRO;Colisión fronto-lateral;Nublado;Bicicleta EPAC (pedaleo asistido);Conductor;De 25 a 29 años;Hombre;7;Asistencia sanitaria sólo en el lugar del accidente;441336,161;4474075,882;N;NULL
2024S006991;24/02/2024;16:50:00;CALL. FERNAN GONZALEZ, 65;65;3;RETIRO;Colisión lateral;NULL;Bicicleta EPAC (pedaleo asistido);Conductor;De 30 a 34 años;Hombre;14;Sin asistencia sanitaria;442763,166;4474336,271;N;NULL
2024S006992;24/02/2024;20:40:00;CALL. VILLAVICIOSA / CALL. CARBALLINO;51;10;LATINA;Colisión fronto-lateral;Despejado;Bicicleta EPAC (pedaleo asistido);Conductor;De 21 a 24 años;Mujer;7;Asistencia sanitaria sólo en el lugar del accidente;434719,495;4472180,554;N;NULL
2024S007049;24/02/2024;12:45:00;CMNO. ROMEROS, 0;0;9;MONCLOA-ARAVACA;Caída;Despejado;Bicicleta EPAC (pedaleo asistido);Conductor;De 50 a 54 años;Hombre;NULL;NULL;437450,178;4474990,403;N;NULL
2024S007136;25/02/2024;14:15:00;CALL. BRAVO MURILLO, 384;384;6;TETUÁN;Colisión lateral;Nublado;Bicicleta;Conductor;De 25 a 29 años;Mujer;14;Sin asistencia sanitaria;441477,195;4479666,185;N;NULL
2024S007128;26/02/2024;8:50:00;CALL. ALBERTO AGUILERA, 1;1;1;CENTRO;Colisión fronto-lateral;Despejado;Bicicleta;Conductor;De 55 a 59 años;Hombre;14;Sin asistencia sanitaria;440012,276;4475688,154;N;NULL
2024S007196;27/02/2024;7:15:00;AVDA. ANDES / AUTOV. M-40;52;16;HORTALEZA;Colisión fronto-lateral;Despejado;Bicicleta;Conductor;De 35 a 39 años;Hombre;1;Atención en urgencias sin posterior ingreso;447605,519;4478735,502;N;NULL
2024S007273;27/02/2024;20:00:00;CALL. HULLA, 22;22;17;VILLAVERDE;Caída;Despejado;Bicicleta EPAC (pedaleo asistido);Conductor;De 25 a 29 años;Hombre;14;Sin asistencia sanitaria;442631,788;4465762,874;N;NULL
2024S007273;27/02/2024;20:00:00;CALL. HULLA, 22;22;17;VILLAVERDE;Caída;Despejado;Bicicleta EPAC (pedaleo asistido);Pasajero;De 6 a 9 años;Mujer;6;Asistencia sanitaria inmediata en centro de salud o mutua;442631,788;4465762,874;N;NULL
2024S007275;27/02/2024;21:00:00;RONDA. TOLEDO / CALL. GASOMETRO;14;2;ARGANZUELA;Alcance;Despejado;Bicicleta;Conductor;De 40 a 44 años;Hombre;14;Sin asistencia sanitaria;439894,618;4473069,687;N;NULL
2024S007321;28/02/2024;14:52:00;GTA. PIRAMIDES, 2;2;2;ARGANZUELA;Caída;Despejado;Bicicleta;Conductor;De 35 a 39 años;Hombre;7;Asistencia sanitaria sólo en el lugar del accidente;439590,852;4472352,214;N;NULL
2024S007401;29/02/2024;16:10:00;CALL. BENITA LOPEZ / CALL. ENCARNACION OVIOL;27;17;VILLAVERDE;Colisión fronto-lateral;Despejado;Bicicleta;Conductor;De 40 a 44 años;Hombre;1;Atención en urgencias sin posterior ingreso;441443,941;4466862,999;N;NULL
2024S007425;29/02/2024;20:43:00;CALL. PRINCESA, 41;41;9;MONCLOA-ARAVACA;Colisión múltiple;Despejado;Bicicleta;Conductor;De 21 a 24 años;Hombre;5;Asistencia sanitaria ambulatoria con posterioridad;439310,164;4475657,379;N;NULL
2024S007430;29/02/2024;20:50:00;CALL. GENOVA, 27;27;7;CHAMBERÍ;Colisión lateral;NULL;Bicicleta EPAC (pedaleo asistido);Conductor;De 21 a 24 años;Hombre;NULL;NULL;441253,467;4475283,54;N;NULL
2024S007691;02/03/2024;14:00:00;AVDA. ALBUFERA, 9;9;13;PUENTE DE VALLECAS;Alcance;Lluvia débil;Bicicleta;Conductor;De 18 a 20 años;Hombre;NULL;NULL;443295,315;4472126,702;N;NULL
2024S007713;02/03/2024;18:50:00;CALL. MARCELO USERA / CALL. FERROVIARIOS;65;12;USERA;Colisión lateral;Lluvia débil;Bicicleta;Conductor;De 30 a 34 años;Mujer;2;Ingreso inferior o igual a 24 horas;440143,878;4470826,714;N;NULL
2024S007725;02/03/2024;20:58:00;CALL. GOYA / CALL. PRINCIPE DE VERGARA;42;4;SALAMANCA;Alcance;Lluvia débil;Bicicleta EPAC (pedaleo asistido);Conductor;De 40 a 44 años;Hombre;1;Atención en urgencias sin posterior ingreso;442339,803;4475144,56;N;NULL
2024S007928;03/03/2024;13:20:00;CALLE FORGES;19;19;VICÁLVARO;Caída;Despejado;Bicicleta;Conductor;De 45 a 49 años;Hombre;7;Asistencia sanitaria sólo en el lugar del accidente;448992,036;4472923,074;N;NULL
2024S008101;04/03/2024;21:45:00;CALL. JORGE JUAN, 83;83;4;SALAMANCA;Colisión fronto-lateral;NULL;Bicicleta;Conductor;De 25 a 29 años;Hombre;NULL;NULL;442701,055;4474967,657;N;NULL
2024S008105;04/03/2024;22:45:00;CALL. SERRANO, 48;48;4;SALAMANCA;Choque contra obstáculo fijo;Nublado;Bicicleta;Conductor;De 30 a 34 años;Hombre;NULL;NULL;441685,934;4475400,758;N;NULL
2024S008117;05/03/2024;8:45:00;CALLE GOLONDRINA - CALLE BRUJULA;26;9;MONCLOA-ARAVACA;Colisión fronto-lateral;NULL;Bicicleta;Conductor;De 10 a 14 años;Mujer;NULL;NULL;433419,496;4478605,305;N;NULL
2024S008128;05/03/2024;12:10:00;PASEO. DELICIAS, 18;18;2;ARGANZUELA;Colisión fronto-lateral;Despejado;Bicicleta EPAC (pedaleo asistido);Conductor;De 25 a 29 años;Hombre;7;Asistencia sanitaria sólo en el lugar del accidente;441157,921;4473046,2;N;NULL
2024S008159;05/03/2024;18:20:00;CALL. MATEO INURRIA / CALL. DANIEL;19;5;CHAMARTÍN;Colisión fronto-lateral;Despejado;Bicicleta;Conductor;De 30 a 34 años;Hombre;7;Asistencia sanitaria sólo en el lugar del accidente;441970,497;4479819,782;N;NULL
2024S008192;06/03/2024;8:30:00;CALL. ARMADA ESPAÑOLA / CALL. SERRANO;2;4;SALAMANCA;Alcance;Despejado;Bicicleta;Conductor;De 40 a 44 años;Mujer;2;Ingreso inferior o igual a 24 horas;441584,416;4475056,242;N;NULL
2024S008251;06/03/2024;20:45:00;CALL. VALDERREBOLLO, 30;30;18;VILLA DE VALLECAS;Caída;Despejado;Bicicleta;Conductor;De 21 a 24 años;Mujer;7;Asistencia sanitaria sólo en el lugar del accidente;446720,021;4469203,164;N;NULL
2024S008255;06/03/2024;21:30:00;CALL. LEIZARAN, 24;24;5;CHAMARTÍN;Caída;Despejado;Bicicleta EPAC (pedaleo asistido);Conductor;De 25 a 29 años;Mujer;7;Asistencia sanitaria sólo en el lugar del accidente;442179,196;4477704,869;S;NULL
2024S008258;06/03/2024;22:45:00;CALL. EDGAR NEVILLE / CALL. BASILICA;20;6;TETUÁN;Alcance;Despejado;Bicicleta;Conductor;De 25 a 29 años;Hombre;7;Asistencia sanitaria sólo en el lugar del accidente;440908,921;4477833,237;S;NULL
2024S008287;07/03/2024;10:40:00;CALL. LEONESES, 19;19;13;PUENTE DE VALLECAS;Colisión fronto-lateral;Despejado;Bicicleta;Conductor;De 35 a 39 años;Hombre;2;Ingreso inferior o igual a 24 horas;445060,942;4470284,443;N;NULL
2024S008339;07/03/2024;19:40:00;CALL. RIBERA DE CURTIDORES, 11;11;1;CENTRO;Caída;Lluvia débil;Bicicleta EPAC (pedaleo asistido);Conductor;De 21 a 24 años;Hombre;3;Ingreso superior a 24 horas;439985,145;4473429,622;N;NULL
2024S008339;07/03/2024;19:40:00;CALL. RIBERA DE CURTIDORES, 11;11;1;CENTRO;Caída;Lluvia débil;Bicicleta EPAC (pedaleo asistido);Peatón;De 25 a 29 años;Hombre;14;Sin asistencia sanitaria;439985,145;4473429,622;N;NULL
2024S008385;08/03/2024;8:35:00;IDB. RONDA SUR / AVDA. GLORIETAS;0;13;PUENTE DE VALLECAS;Colisión frontal;Lluvia débil;Bicicleta;Conductor;De 55 a 59 años;Hombre;2;Ingreso inferior o igual a 24 horas;443781,533;4469490,078;N;NULL
2024S008391;08/03/2024;10:48:00;CALL. VALLEHERMOSO / CALL. CEA BERMUDEZ;79;7;CHAMBERÍ;Caída;Lluvia débil;Bicicleta;Conductor;De 55 a 59 años;Hombre;6;Asistencia sanitaria inmediata en centro de salud o mutua;439928,338;4476676,431;N;NULL
2024S008479;08/03/2024;22:00:00;CALL. PEDRO RICO, 45;45;8;FUENCARRAL-EL PARDO;Caída;LLuvia intensa;Bicicleta EPAC (pedaleo asistido);Conductor;De 15 a 17 años;Hombre;7;Asistencia sanitaria sólo en el lugar del accidente;440538,758;4481568,559;N;NULL
2024S008607;09/03/2024;12:00:00;PASEO. DELICIAS / CALL. PALOS DE LA FRONTERA;42;2;ARGANZUELA;Alcance;Nublado;Bicicleta;Conductor;De 30 a 34 años;Mujer;NULL;NULL;441131,004;4472716,114;N;NULL
2024S008942;11/03/2024;15:16:00;CALL. CASTILLA, 27;27;6;TETUÁN;Alcance;Despejado;Bicicleta;Conductor;De 40 a 44 años;Mujer;7;Asistencia sanitaria sólo en el lugar del accidente;440113,321;4478291,768;N;NULL
2024S009049;12/03/2024;16:40:00;CALL. VALENCIA DE DON JUAN / CALL. GINZO DE LIMIA;1;8;FUENCARRAL-EL PARDO;Colisión fronto-lateral;Despejado;Bicicleta;Conductor;Más de 74 años;Hombre;1;Atención en urgencias sin posterior ingreso;440063,053;4481806,412;N;NULL
2024S009115;13/03/2024;11:45:00;RONDA. ATOCHA, 1;1;2;ARGANZUELA;Colisión fronto-lateral;Despejado;Bicicleta;Conductor;De 45 a 49 años;Hombre;7;Asistencia sanitaria sólo en el lugar del accidente;441109,568;4473194,41;N;NULL
2024S009120;13/03/2024;12:50:00;CALL. CASTIELLO DE JACA / CALL. ISABEL COLBRAND;18;8;FUENCARRAL-EL PARDO;Colisión fronto-lateral;Despejado;Bicicleta;Conductor;De 35 a 39 años;Hombre;7;Asistencia sanitaria sólo en el lugar del accidente;442505,89;4484550,684;N;NULL
2024S009328;14/03/2024;20:05:00;CALL. SAN BERNARDO, 45;45;1;CENTRO;Alcance;Despejado;Bicicleta;Conductor;De 35 a 39 años;Hombre;14;Sin asistencia sanitaria;439993,338;4475062,356;N;NULL
2024S009311;15/03/2024;16:35:00;CALL. ALCALA / AVDA. CANILLEJAS A VICALVARO;553;20;SAN BLAS-CANILLEJAS;Alcance;Despejado;Bicicleta;Conductor;De 25 a 29 años;Hombre;NULL;NULL;447655,922;4477173,317;N;NULL
2024S009412;16/03/2024;12:13:00;CALL. GAVILANES / CALL. ARROYOFRESNO;6;8;FUENCARRAL-EL PARDO;Colisión fronto-lateral;Despejado;Bicicleta;Conductor;De 25 a 29 años;Hombre;7;Asistencia sanitaria sólo en el lugar del accidente;437315,072;4481150,378;N;NULL
2024S009415;16/03/2024;11:45:00;CALL. CEA BERMUDEZ, 2;2;7;CHAMBERÍ;Caída;Despejado;Bicicleta;Conductor;De 60 a 64 años;Hombre;6;Asistencia sanitaria inmediata en centro de salud o mutua;440188,466;4476694,965;N;NULL
2024S009639;17/03/2024;13:00:00;CTRA. M-612, 4100S;4100S;8;FUENCARRAL-EL PARDO;Caída;Despejado;Bicicleta;Conductor;De 70 a 74 años;Hombre;2;Ingreso inferior o igual a 24 horas;437100,184;4484479,421;N;NULL
2024S009639;17/03/2024;13:00:00;CTRA. M-612, 4100S;4100S;8;FUENCARRAL-EL PARDO;Caída;Despejado;Bicicleta;Peatón;De 30 a 34 años;Mujer;14;Sin asistencia sanitaria;437100,184;4484479,421;N;NULL
2024S009731;17/03/2024;22:05:00;CALL. ALBERTO AGUILERA / CALL. PRINCESA;39;1;CENTRO;Atropello a persona;Despejado;Bicicleta;Conductor;De 25 a 29 años;Hombre;2;Ingreso inferior o igual a 24 horas;439272,472;4475788,869;N;NULL
2024S009731;17/03/2024;22:05:00;CALL. ALBERTO AGUILERA / CALL. PRINCESA;39;1;CENTRO;Atropello a persona;Despejado;Bicicleta;Peatón;De 65 a 69 años;Mujer;2;Ingreso inferior o igual a 24 horas;439272,472;4475788,869;N;NULL
2024S009694;18/03/2024;10:45:00;AVDA. MANZANARES, 86;86;11;CARABANCHEL;Alcance;Despejado;Bicicleta;Conductor;De 55 a 59 años;Hombre;NULL;NULL;438796,32;4472411,603;N;NULL
2024S009735;18/03/2024;18:20:00;PASEO. OLMOS, 26;26;2;ARGANZUELA;Caída;Despejado;Bicicleta EPAC (pedaleo asistido);Conductor;De 50 a 54 años;Hombre;1;Atención en urgencias sin posterior ingreso;439691,734;4472784,487;N;NULL
2024S009967;19/03/2024;20:05:00;CALL. SINESIO DELGADO / AVDA. ASTURIAS;15;6;TETUÁN;Colisión lateral;Despejado;Bicicleta;Conductor;De 65 a 69 años;Hombre;3;Ingreso superior a 24 horas;440524,741;4480535,354;N;NULL
2024S009984;20/03/2024;8:30:00;CALL. BERNARDINO OBREGON / CALL. JUAN SEBASTIAN ELCANO;12;2;ARGANZUELA;Colisión fronto-lateral;Despejado;Bicicleta;Conductor;De 60 a 64 años;Hombre;5;Asistencia sanitaria ambulatoria con posterioridad;440582,825;4472880,747;N;NULL
2024S010010;20/03/2024;11:25:00;CALL. JOSE ARCONES GIL / CALL. FRANCISCO LARGO CABALLERO;93A;15;CIUDAD LINEAL;Colisión fronto-lateral;Despejado;Bicicleta;Conductor;De 60 a 64 años;Hombre;14;Sin asistencia sanitaria;446492,234;4474980,039;N;NULL
2024S010171;21/03/2024;8:40:00;PASEO. CAMOENS Y VALERO / CALL. FRANCISCO Y JACINTO ALCANTARA;10;9;MONCLOA-ARAVACA;Caída;Lluvia débil;Bicicleta EPAC (pedaleo asistido);Conductor;De 35 a 39 años;Mujer;7;Asistencia sanitaria sólo en el lugar del accidente;438554,217;4475727,001;N;NULL
2024S010182;21/03/2024;12:22:00;AVDA. PESETA / CALL. SALVADOR ALLENDE;63;11;CARABANCHEL;Colisión fronto-lateral;Despejado;Bicicleta;Conductor;De 40 a 44 años;Hombre;NULL;NULL;435692,827;4468269,163;N;NULL
2024S010265;21/03/2024;13:40:00;PASEO. PUERTA DEL ANGEL / CALL. TORRE;3;9;MONCLOA-ARAVACA;Caída;Despejado;Bicicleta;Conductor;De 25 a 29 años;Hombre;6;Asistencia sanitaria inmediata en centro de salud o mutua;437991,199;4474106,657;N;NULL
2024S010272;22/03/2024;11:50:00;PASEO. CHOPERA, 41;41;2;ARGANZUELA;Caída;Despejado;Bicicleta EPAC (pedaleo asistido);Conductor;De 10 a 14 años;Hombre;2;Ingreso inferior o igual a 24 horas;440669,354;4471713,928;N;NULL
2024S010294;22/03/2024;18:10:00;CALL. CASTILLO DE CANDANCHU / CALL. VILLAVA;2;8;FUENCARRAL-EL PARDO;Colisión fronto-lateral;Despejado;Bicicleta;Conductor;De 40 a 44 años;Hombre;7;Asistencia sanitaria sólo en el lugar del accidente;442624,033;4483443,01;N;NULL
2024S010574;23/03/2024;11:40:00;GLORIETA;14;9;MONCLOA-ARAVACA;Colisión fronto-lateral;Despejado;Bicicleta;Conductor;De 40 a 44 años;Mujer;7;Asistencia sanitaria sólo en el lugar del accidente;437634,048;4474536,582;N;NULL
2024S010574;23/03/2024;11:40:00;GLORIETA;14;9;MONCLOA-ARAVACA;Colisión fronto-lateral;Despejado;Bicicleta;Conductor;De 60 a 64 años;Hombre;7;Asistencia sanitaria sólo en el lugar del accidente;437634,048;4474536,582;N;NULL
2024S010582;23/03/2024;17:10:00;PARQUE FORESTAL DE VICALVARO;74;19;VICÁLVARO;Caída;Despejado;Bicicleta;Conductor;De 18 a 20 años;Mujer;2;Ingreso inferior o igual a 24 horas;449650,754;4473169,413;N;NULL
2024S010618;23/03/2024;20:49:00;CALL. CARABANCHEL BAJO, 29;29;11;CARABANCHEL;Caída;Despejado;Bicicleta EPAC (pedaleo asistido);Conductor;De 35 a 39 años;Mujer;1;Atención en urgencias sin posterior ingreso;436499,736;4469560,8;N;NULL
2024S010621;23/03/2024;21:40:00;CALL. RIOS ROSAS, 8;8;7;CHAMBERÍ;Caída;Despejado;Bicicleta EPAC (pedaleo asistido);Conductor;De 25 a 29 años;Mujer;7;Asistencia sanitaria sólo en el lugar del accidente;440371,628;4477068,427;N;NULL
2024S010796;24/03/2024;21:20:00;PLAZA. EMPERADOR CARLOS V / -----;3;2;ARGANZUELA;Caída;Despejado;Bicicleta;Conductor;De 50 a 54 años;Hombre;7;Asistencia sanitaria sólo en el lugar del accidente;441304,137;4473334,792;S;NULL
2024S010905;25/03/2024;21:40:00;CALL. VIRIATO / CALL. SANTA ENGRACIA;42;7;CHAMBERÍ;Colisión fronto-lateral;Lluvia débil;Bicicleta;Conductor;De 21 a 24 años;Hombre;2;Ingreso inferior o igual a 24 horas;440697,426;4476362,847;N;NULL
2024S010900;26/03/2024;15:10:00;CALL. NAVAMURES, 19;19;18;VILLA DE VALLECAS;Colisión fronto-lateral;Nublado;Bicicleta;Conductor;De 30 a 34 años;Mujer;1;Atención en urgencias sin posterior ingreso;446935,132;4469183,89;N;NULL
2024S010907;26/03/2024;16:15:00;CALL. SAN HILARIO / CALL. NECTAR;1;20;SAN BLAS-CANILLEJAS;Caída;Despejado;Bicicleta;Conductor;De 60 a 64 años;Hombre;1;Atención en urgencias sin posterior ingreso;448362,458;4477264,719;N;NULL
2024S010949;27/03/2024;10:00:00;PASEO. PRADO / CALL. CLAUDIO MOYANO;1;3;RETIRO;Caída;Lluvia débil;Bicicleta;Conductor;De 25 a 29 años;Mujer;7;Asistencia sanitaria sólo en el lugar del accidente;441268,049;4473467,102;N;NULL
2024S011258;28/03/2024;18:30:00;CALL. ADOLFO BIOY CASARES / CALL. ALTO DEL RETIRO;9;18;VILLA DE VALLECAS;Alcance;Lluvia débil;Bicicleta EPAC (pedaleo asistido);Conductor;Desconocido;Hombre;14;Sin asistencia sanitaria;449261,465;4469089,792;N;NULL
2024S011264;28/03/2024;14:35:00;CALL. SEGOVIA, 21;21;1;CENTRO;Otro;Lluvia débil;Bicicleta EPAC (pedaleo asistido);Conductor;De 25 a 29 años;Hombre;7;Asistencia sanitaria sólo en el lugar del accidente;439459,176;4473937,7;N;NULL
2024S011273;28/03/2024;23:05:00;CALL. ARROYO OPAÑEL / CALL. SOLANA DE OPAÑEL;26;11;CARABANCHEL;Atropello a persona;LLuvia intensa;Bicicleta EPAC (pedaleo asistido);Conductor;De 30 a 34 años;Hombre;7;Asistencia sanitaria sólo en el lugar del accidente;438961,027;4471069,394;N;NULL
2024S011273;28/03/2024;23:05:00;CALL. ARROYO OPAÑEL / CALL. SOLANA DE OPAÑEL;26;11;CARABANCHEL;Atropello a persona;LLuvia intensa;Bicicleta EPAC (pedaleo asistido);Peatón;De 50 a 54 años;Mujer;2;Ingreso inferior o igual a 24 horas;438961,027;4471069,394;N;NULL
2024S011947;31/03/2024;15:20:00;CALL. LOPEZ GRASS, 11;11;13;PUENTE DE VALLECAS;Alcance;Despejado;Bicicleta EPAC (pedaleo asistido);Conductor;De 18 a 20 años;Hombre;7;Asistencia sanitaria sólo en el lugar del accidente;443946,39;4471956,682;N;NULL
2024S011958;31/03/2024;19:08:00;PLAZA. ENCUENTRO / CALL. ARROYO DE LAS PILILLAS;1A;14;MORATALAZ;Alcance;Despejado;Bicicleta;Conductor;De 10 a 14 años;Hombre;2;Ingreso inferior o igual a 24 horas;444740,549;4473005,862;N;NULL
2024S011975;01/04/2024;8:30:00;CALL. SERRANO, 36;36;4;SALAMANCA;Caída;Lluvia débil;Bicicleta;Conductor;De 55 a 59 años;Hombre;2;Ingreso inferior o igual a 24 horas;441661,289;4475223,409;N;NULL
2024S011984;01/04/2024;12:29:00;METRO. PLAZA ELIPTICA / AVDA. OPORTO;0;11;CARABANCHEL;Colisión fronto-lateral;Lluvia débil;Bicicleta EPAC (pedaleo asistido);Conductor;De 21 a 24 años;Mujer;6;Asistencia sanitaria inmediata en centro de salud o mutua;439112,91;4470744,378;N;NULL
2024S012026;01/04/2024;22:35:00;CALL. MENDEZ ALVARO / calle 30;84;13;PUENTE DE VALLECAS;Alcance;Despejado;Bicicleta;Conductor;De 30 a 34 años;Hombre;NULL;NULL;442668,696;4471439,464;N;NULL
2024S012180;02/04/2024;14:30:00;CALL. COLEGIATA, 3;3;1;CENTRO;Alcance;Despejado;Bicicleta;Conductor;De 25 a 29 años;Hombre;7;Asistencia sanitaria sólo en el lugar del accidente;440152,266;4473800,413;N;NULL
2024S012232;03/04/2024;12:00:00;PASEO. AZUL / PASEO. EMBARCADERO;2;9;MONCLOA-ARAVACA;Caída;Despejado;Bicicleta;Conductor;De 65 a 69 años;Hombre;7;Asistencia sanitaria sólo en el lugar del accidente;438185,359;4474440,546;N;NULL
2024S012357;04/04/2024;15:10:00;CALL. SUERTES DE LA VILLA / CALL. MAYORAZGO DE DUARTE;202;19;VICÁLVARO;Colisión fronto-lateral;Despejado;Bicicleta;Conductor;De 50 a 54 años;Hombre;3;Ingreso superior a 24 horas;453557,652;4473231,486;N;NULL
2024S012387;04/04/2024;20:20:00;CALL. JOSE ANTONIO FERNANDEZ ORDOÑEZ / CALL. JULIO CANO LASSO;8;16;HORTALEZA;Colisión fronto-lateral;Despejado;Bicicleta;Conductor;De 60 a 64 años;Hombre;6;Asistencia sanitaria inmediata en centro de salud o mutua;448775,992;4482485,336;N;NULL
2024S012389;04/04/2024;18:50:00;CALL. LUCHANA / CALL. TRAFALGAR;24;7;CHAMBERÍ;Colisión fronto-lateral;Despejado;Bicicleta;Conductor;De 50 a 54 años;Hombre;7;Asistencia sanitaria sólo en el lugar del accidente;440624,281;4475793,436;N;NULL
2024S012460;05/04/2024;17:55:00;AVDA. PABLO NERUDA / CALL. VILLA DE PONS;10;13;PUENTE DE VALLECAS;Colisión fronto-lateral;Despejado;Bicicleta;Conductor;De 50 a 54 años;Hombre;NULL;NULL;445502,796;4471437,003;N;NULL
2024S012512;05/04/2024;23:05:00;CALL. GENERAL RICARDOS, 165;165;11;CARABANCHEL;Colisión fronto-lateral;Despejado;Bicicleta EPAC (pedaleo asistido);Conductor;De 25 a 29 años;Hombre;14;Sin asistencia sanitaria;437719,552;4470991,924;N;NULL
2024S012595;05/04/2024;16:00:00;AVDA. MENENDEZ PELAYO, 73;73;3;RETIRO;Colisión lateral;Despejado;Bicicleta;Conductor;De 18 a 20 años;Hombre;7;Asistencia sanitaria sólo en el lugar del accidente;442599,129;4473593,075;N;NULL
2024S012576;06/04/2024;11:15:00;PASEO PIÑONERO;3;9;MONCLOA-ARAVACA;Caída;Nublado;Bicicleta;Conductor;De 50 a 54 años;Mujer;7;Asistencia sanitaria sólo en el lugar del accidente;437412,002;4475832,469;N;NULL
2024S012584;06/04/2024;15:20:00;CALL. ALCALA, 93 (INTERIOR TUNEL);83;4;SALAMANCA;Caída;Despejado;Bicicleta EPAC (pedaleo asistido);Conductor;De 25 a 29 años;Mujer;7;Asistencia sanitaria sólo en el lugar del accidente;441904,212;4474698,978;N;NULL
2024S012594;06/04/2024;18:20:00;AVDA. JUAN DE HERRERA, 4;4;9;MONCLOA-ARAVACA;Alcance;Despejado;Bicicleta;Conductor;De 55 a 59 años;Hombre;7;Asistencia sanitaria sólo en el lugar del accidente;438054,577;4476717,855;N;NULL
2024S012625;07/04/2024;1:10:00;CALL. OCA, 15;15;11;CARABANCHEL;Colisión lateral;Despejado;Bicicleta;Conductor;De 21 a 24 años;Hombre;7;Asistencia sanitaria sólo en el lugar del accidente;437702,794;4471245,603;S;NULL
2024S012662;07/04/2024;10:06:00;CALL. SAN ERNESTO / CALL. MARCENADO;2;5;CHAMARTÍN;Colisión lateral;Nublado;Bicicleta;Conductor;De 30 a 34 años;Hombre;2;Ingreso inferior o igual a 24 horas;442834,223;4477856,193;N;NULL
2024S012709;07/04/2024;22:40:00;AVDA. ENTREVIAS, 2;2;13;PUENTE DE VALLECAS;Alcance;Despejado;Bicicleta;Conductor;De 45 a 49 años;Hombre;14;Sin asistencia sanitaria;442955,088;4471218,388;N;NULL
2024S012728;08/04/2024;10:25:00;AVDA. LOS ROSALES, 408;408;17;VILLAVERDE;Colisión fronto-lateral;Despejado;Bicicleta;Conductor;De 70 a 74 años;Hombre;2;Ingreso inferior o igual a 24 horas;443910,824;4464443,91;N;NULL
2024S012739;08/04/2024;13:54:00;AVDA. CANILLEJAS A VICALVARO, 193;193;20;SAN BLAS-CANILLEJAS;Colisión lateral;Despejado;Bicicleta;Conductor;De 45 a 49 años;Hombre;NULL;NULL;448290,594;4473818,401;N;NULL
2024S012822;09/04/2024;14:25:00;AVDA. GRAN VIA DE VILLAVERDE / CALL. PATERNA;10;17;VILLAVERDE;Colisión fronto-lateral;Despejado;Bicicleta;Conductor;De 55 a 59 años;Hombre;7;Asistencia sanitaria sólo en el lugar del accidente;441852,764;4466680,248;N;NULL
2024S012851;09/04/2024;20:50:00;PASEO. DELICIAS / CALL. PALOS DE LA FRONTERA;44A;2;ARGANZUELA;Colisión fronto-lateral;Despejado;Bicicleta;Conductor;De 30 a 34 años;Hombre;7;Asistencia sanitaria sólo en el lugar del accidente;441128,245;4472716,431;N;NULL
2024S012910;09/04/2024;21:52:00;CAMPOTEJAR N15;15;12;USERA;Colisión lateral;Despejado;Bicicleta;Conductor;De 21 a 24 años;Hombre;7;Asistencia sanitaria sólo en el lugar del accidente;440287,485;4469027,757;N;NULL
2024S013122;12/04/2024;13:30:00;CALL. DOCTOR ESQUERDO, 130;130;3;RETIRO;Alcance;Despejado;Bicicleta EPAC (pedaleo asistido);Conductor;De 15 a 17 años;Hombre;2;Ingreso inferior o igual a 24 horas;443125,351;4473153,923;N;NULL
2024S013122;12/04/2024;13:30:00;CALL. DOCTOR ESQUERDO, 130;130;3;RETIRO;Alcance;Despejado;Bicicleta EPAC (pedaleo asistido);Conductor;De 15 a 17 años;Hombre;14;Sin asistencia sanitaria;443125,351;4473153,923;N;NULL
2024S013235;12/04/2024;14:30:00;PLAZA. REPUBLICA DOMINICANA / CALL. PRINCIPE DE VERGARA;3;5;CHAMARTÍN;Colisión fronto-lateral;Despejado;Bicicleta;Conductor;De 35 a 39 años;Hombre;6;Asistencia sanitaria inmediata en centro de salud o mutua;442600,974;4478850,938;N;NULL
2024S013259;13/04/2024;11:15:00;PASEO. RUPERTO CHAPI / PASEO. CAMOENS Y VALERO;0;9;MONCLOA-ARAVACA;Caída;Despejado;Bicicleta;Conductor;De 60 a 64 años;Hombre;7;Asistencia sanitaria sólo en el lugar del accidente;438247,245;4476040,497;N;NULL
2024S013285;13/04/2024;16:20:00;CALL. GENOVA, 28;28;1;CENTRO;Caída;Despejado;Bicicleta;Conductor;De 35 a 39 años;Hombre;6;Asistencia sanitaria inmediata en centro de salud o mutua;441311,146;4475225,404;N;NULL
2024S013328;13/04/2024;23:50:00;PLAZA. JOSE MARIA SOLER / AVDA. ALFONSO XIII;7;5;CHAMARTÍN;Colisión fronto-lateral;Despejado;Bicicleta;Conductor;De 45 a 49 años;Hombre;7;Asistencia sanitaria sólo en el lugar del accidente;443327,678;4478957,584;N;NULL
2024S013418;13/04/2024;20:33:00;CALL. AUGUSTO FIGUEROA / CALL. VALGAME DIOS;43;1;CENTRO;Alcance;Despejado;Bicicleta EPAC (pedaleo asistido);Conductor;De 30 a 34 años;Mujer;1;Atención en urgencias sin posterior ingreso;440900,757;4474828,977;N;NULL
2024S013385;14/04/2024;12:15:00;PASEO. PIÑONERO / CMNO. GARABITAS;3;9;MONCLOA-ARAVACA;Caída;NULL;Bicicleta;Conductor;De 55 a 59 años;Hombre;14;Sin asistencia sanitaria;437426,691;4475800,892;N;NULL
2024S013399;14/04/2024;15:55:00;CALL. CASTIELLO DE JACA, 18;18;8;FUENCARRAL-EL PARDO;Colisión fronto-lateral;NULL;Bicicleta EPAC (pedaleo asistido);Conductor;De 25 a 29 años;Hombre;NULL;NULL;442507,269;4484550,982;N;NULL
2024S013450;14/04/2024;1:30:00;CALL. SANTA ENGRACIA, 125;125;7;CHAMBERÍ;Caída;Despejado;Bicicleta EPAC (pedaleo asistido);Conductor;De 30 a 34 años;Mujer;5;Asistencia sanitaria ambulatoria con posterioridad;440576,487;4476748,5;N;NULL
2024S013460;15/04/2024;8:20:00;PASEO. MELANCOLICOS / PNTE. SAN ISIDRO;51;2;ARGANZUELA;Colisión fronto-lateral;Despejado;Bicicleta EPAC (pedaleo asistido);Conductor;De 50 a 54 años;Hombre;7;Asistencia sanitaria sólo en el lugar del accidente;438843,368;4472851,612;N;NULL
2024S013506;15/04/2024;18:15:00;CMNO. LA MUÑOZA, 7;7;21;BARAJAS;Caída;Despejado;Bicicleta;Conductor;De 50 a 54 años;Hombre;NULL;NULL;454659,678;4478182,215;N;NULL
2024S013525;15/04/2024;19:13:00;CALL. ALFONSO XII, 54;54;3;RETIRO;Caída;Despejado;Bicicleta;Conductor;De 50 a 54 años;Hombre;14;Sin asistencia sanitaria;441554,516;4473451,407;N;NULL
2024S013547;16/04/2024;8:00:00;CALL. FRANCISCO SILVELA / METRO. AVENIDA DE AMERICA;82;4;SALAMANCA;Colisión fronto-lateral;Despejado;Bicicleta;Conductor;De 35 a 39 años;Hombre;7;Asistencia sanitaria sólo en el lugar del accidente;442569,379;4476519,371;N;NULL
2024S013582;16/04/2024;13:45:00;CALL. SENDA DEL INFANTE, 22;22;8;FUENCARRAL-EL PARDO;Colisión frontal;Despejado;Bicicleta;Conductor;Más de 74 años;Hombre;2;Ingreso inferior o igual a 24 horas;438963,935;4482305,082;N;NULL
2024S013751;18/04/2024;0:44:00;CALL. ELOY GONZALO / CALL. SANTA ENGRACIA;40;7;CHAMBERÍ;Colisión lateral;NULL;Bicicleta;Conductor;De 30 a 34 años;Hombre;NULL;NULL;440735,304;4476267,352;N;NULL
2024S013789;18/04/2024;11:40:00;AVDA. COMUNIDADES, 1;1;19;VICÁLVARO;Caída;Despejado;Bicicleta;Conductor;De 70 a 74 años;Hombre;2;Ingreso inferior o igual a 24 horas;448211,707;4471082,349;N;NULL
2024S013878;18/04/2024;22:10:00;CALL. ALCALA / CALL. RUFINO BLANCO;156;4;SALAMANCA;Colisión fronto-lateral;Despejado;Bicicleta;Conductor;De 35 a 39 años;Hombre;7;Asistencia sanitaria sólo en el lugar del accidente;443385,33;4475549,489;N;NULL
2024S013951;18/04/2024;19:00:00;CALL. GUARDIA CIVIL, 21;21;8;FUENCARRAL-EL PARDO;Alcance;Despejado;Bicicleta;Conductor;De 25 a 29 años;Hombre;NULL;NULL;434478,958;4485577,234;N;NULL
2024S013951;18/04/2024;19:00:00;CALL. GUARDIA CIVIL, 21;21;8;FUENCARRAL-EL PARDO;Alcance;Despejado;Bicicleta;Conductor;De 55 a 59 años;Hombre;NULL;NULL;434478,958;4485577,234;N;NULL
2024S013924;19/04/2024;14:20:00;CALL. MARIA DE MOLINA / PASEO. CASTELLANA;1;5;CHAMARTÍN;Colisión múltiple;Despejado;Bicicleta;Conductor;De 21 a 24 años;Mujer;6;Asistencia sanitaria inmediata en centro de salud o mutua;441490,813;4476588,32;N;NULL
2024S013926;19/04/2024;15:05:00;CALL. FERNANDO EL CATOLICO, 17;17;7;CHAMBERÍ;Alcance;Despejado;Bicicleta;Conductor;De 40 a 44 años;Hombre;1;Atención en urgencias sin posterior ingreso;439937,528;4476160,709;N;NULL
2024S013979;19/04/2024;21:00:00;CALL. MAR ADRIATICO / CALL. CHAPARRAL;4;16;HORTALEZA;Caída;Despejado;Bicicleta EPAC (pedaleo asistido);Conductor;De 18 a 20 años;Hombre;7;Asistencia sanitaria sólo en el lugar del accidente;445828,707;4480195,575;S;NULL
2024S014018;20/04/2024;4:51:00;AVDA. CIUDAD DE BARCELONA, 85;85;3;RETIRO;Alcance;Despejado;Bicicleta EPAC (pedaleo asistido);Conductor;De 25 a 29 años;Hombre;4;Fallecido 24 horas;442869,64;4472425,583;N;NULL
2024S014079;20/04/2024;11:45:00;AUTOV. M-607, +01200S;+01200S;8;FUENCARRAL-EL PARDO;Colisión frontal;Despejado;Bicicleta;Conductor;De 21 a 24 años;Mujer;5;Asistencia sanitaria ambulatoria con posterioridad;442000,993;4485474,301;N;NULL
2024S014079;20/04/2024;11:45:00;AUTOV. M-607, +01200S;+01200S;8;FUENCARRAL-EL PARDO;Colisión frontal;Despejado;Bicicleta;Conductor;De 45 a 49 años;Hombre;14;Sin asistencia sanitaria;442000,993;4485474,301;N;NULL
2024S014085;20/04/2024;13:30:00;CALL. ALCALA / CALL. JORGE JUAN;90;4;SALAMANCA;Colisión fronto-lateral;Despejado;Bicicleta;Conductor;De 45 a 49 años;Hombre;14;Sin asistencia sanitaria;442423,691;4474984,447;N;NULL
2024S014091;20/04/2024;14:30:00;CALL. GENOVA, 1;1;7;CHAMBERÍ;Colisión lateral;Despejado;Bicicleta;Conductor;De 70 a 74 años;Hombre;6;Asistencia sanitaria inmediata en centro de salud o mutua;441349,322;4475221,415;N;NULL
2024S014099;20/04/2024;17:30:00;CALL. GRAN VIA / CALL. CLAVEL;16;1;CENTRO;Colisión lateral;NULL;Bicicleta;Conductor;De 30 a 34 años;Hombre;NULL;NULL;440648,066;4474585,196;N;NULL
2024S014102;20/04/2024;15:34:00;AUTOV. M-30, 16XC12;16XC12;11;CARABANCHEL;Alcance;Se desconoce;Bicicleta;Conductor;De 21 a 24 años;Hombre;14;Sin asistencia sanitaria;438822,883;4472399,73;N;NULL
2024S014112;20/04/2024;20:10:00;PASEO. EXTREMADURA / CALL. JAIME VERA;34;10;LATINA;Alcance;Despejado;Bicicleta EPAC (pedaleo asistido);Conductor;De 25 a 29 años;Hombre;7;Asistencia sanitaria sólo en el lugar del accidente;438159,523;4473914,455;N;NULL
2024S014126;21/04/2024;1:15:00;CALL. BARCELO, 2;2;1;CENTRO;Colisión lateral;Despejado;Bicicleta;Conductor;De 18 a 20 años;Hombre;6;Asistencia sanitaria inmediata en centro de salud o mutua;440618,888;4475355,748;N;NULL
2024S014182;21/04/2024;15:20:00;AUTOV. M-40, +00070E;+00070E;16;HORTALEZA;Caída;Despejado;Bicicleta;Conductor;De 21 a 24 años;Mujer;7;Asistencia sanitaria sólo en el lugar del accidente;444763,067;4484290,928;N;NULL
2024S014200;21/04/2024;21:15:00;CALL. PORTUGALETE, 2;2;15;CIUDAD LINEAL;Colisión fronto-lateral;Despejado;Bicicleta;Conductor;De 25 a 29 años;Hombre;6;Asistencia sanitaria inmediata en centro de salud o mutua;445989,388;4475169,352;N;NULL
2024S014245;22/04/2024;12:54:00;MADRID;0;9;MONCLOA-ARAVACA;Caída;Despejado;Bicicleta;Conductor;Más de 74 años;Hombre;7;Asistencia sanitaria sólo en el lugar del accidente;437802,856;4476208,112;N;NULL
2024S014281;22/04/2024;21:18:00;AVDA. ENTREVIAS, 86;86;13;PUENTE DE VALLECAS;Caída;Despejado;Bicicleta;Conductor;De 45 a 49 años;Hombre;2;Ingreso inferior o igual a 24 horas;443529,365;4470036,319;N;NULL
2024S014282;22/04/2024;22:15:00;CALL. ARROYOFRESNO / AVDA. CARDENAL HERRERA ORIA;24;8;FUENCARRAL-EL PARDO;Colisión lateral;Despejado;Bicicleta;Conductor;De 50 a 54 años;Hombre;5;Asistencia sanitaria ambulatoria con posterioridad;437139,627;4480886,54;N;NULL
2024S014382;23/04/2024;13:25:00;CALL. HOYOS DEL ESPINO / AVDA. MIRAFLORES;1;9;MONCLOA-ARAVACA;Colisión fronto-lateral;Despejado;Bicicleta;Conductor;De 70 a 74 años;Hombre;7;Asistencia sanitaria sólo en el lugar del accidente;438013,927;4479982,752;N;NULL
2024S014485;23/04/2024;21:15:00;CALL. FERNANDO GABRIEL / CALL. GANDHI;15;15;CIUDAD LINEAL;Colisión fronto-lateral;Despejado;Bicicleta;Conductor;Desconocido;Desconocido;NULL;NULL;445815,733;4475093,112;N;NULL
2024S014376;24/04/2024;2:00:00;CALL. PALOS DE LA FRONTERA / CALL. BATALLA DEL SALADO;1;2;ARGANZUELA;Colisión lateral;Despejado;Bicicleta EPAC (pedaleo asistido);Conductor;De 18 a 20 años;Hombre;NULL;NULL;440949,52;4472741,875;N;NULL
2024S014404;24/04/2024;11:45:00;CALL. OBANOS / CALL. CASTILLO DE CANDANCHU;6A;8;FUENCARRAL-EL PARDO;Colisión fronto-lateral;Despejado;Bicicleta;Conductor;De 60 a 64 años;Mujer;2;Ingreso inferior o igual a 24 horas;442734,609;4483224,04;N;NULL
2024S014506;25/04/2024;9:40:00;CALL. SAN BERNARDINO, 18;18;1;CENTRO;Colisión fronto-lateral;NULL;Bicicleta;Conductor;De 30 a 34 años;Hombre;NULL;NULL;439970,112;4474901,963;N;NULL
2024S014510;25/04/2024;7:57:00;CALL. HERNAN CORTES, 8;8;1;CENTRO;Caída;Despejado;Bicicleta EPAC (pedaleo asistido);Conductor;De 30 a 34 años;Mujer;NULL;NULL;440619,956;4474990,664;N;NULL
2024S014538;25/04/2024;14:20:00;AVDA. POBLADOS / CALL. VIA LUSITANA;120;11;CARABANCHEL;Colisión fronto-lateral;Despejado;Bicicleta;Conductor;De 15 a 17 años;Mujer;NULL;NULL;437644,934;4469457,085;N;NULL
2024S014650;25/04/2024;21:25:00;PASEO. PRADO / PLAZA. EMPERADOR CARLOS V;13;3;RETIRO;Colisión lateral;Despejado;Bicicleta;Conductor;De 25 a 29 años;Hombre;7;Asistencia sanitaria sólo en el lugar del accidente;441304,584;4473384,45;N;NULL
2024S015078;25/04/2024;11:05:00;CALL. RAMON PEREZ DE AYALA, 8;8;13;PUENTE DE VALLECAS;Colisión fronto-lateral;Despejado;Bicicleta EPAC (pedaleo asistido);Conductor;De 21 a 24 años;Hombre;5;Asistencia sanitaria ambulatoria con posterioridad;444442,301;4472118,984;N;NULL
2024S014692;27/04/2024;2:38:00;CALL. VILLAAMIL / CALL. ALONSO NUÑEZ;21;6;TETUÁN;Colisión fronto-lateral;Lluvia débil;Bicicleta;Conductor;De 21 a 24 años;Hombre;14;Sin asistencia sanitaria;440058,505;4478904,72;N;NULL
2024S014814;27/04/2024;18:55:00;CALL. MONASTERIOS DE SUSO Y YUSO, 13;13;8;FUENCARRAL-EL PARDO;Alcance;Despejado;Bicicleta;Conductor;De 15 a 17 años;Hombre;NULL;NULL;440389,018;4483750,637;N;NULL
2024S014954;27/04/2024;21:40:00;CALL. GENERAL ORAA / CALL. HERMANOS BECQUER;3;4;SALAMANCA;Colisión fronto-lateral;Despejado;Bicicleta EPAC (pedaleo asistido);Conductor;De 25 a 29 años;Hombre;1;Atención en urgencias sin posterior ingreso;441688,355;4476391,646;N;NULL
2024S014877;28/04/2024;4:05:00;CALL. ARTURO SORIA / CALL. HERNANDEZ DE TEJADA;2;15;CIUDAD LINEAL;Colisión fronto-lateral;NULL;Bicicleta EPAC (pedaleo asistido);Conductor;De 21 a 24 años;Hombre;NULL;NULL;444882,391;4477635,955;N;NULL
2024S014943;28/04/2024;10:24:00;PARQUE DEL RETIRO;2;3;RETIRO;Atropello a animal;Despejado;Bicicleta;Conductor;De 45 a 49 años;Mujer;7;Asistencia sanitaria sólo en el lugar del accidente;442029,273;4473813,319;N;NULL
2024S014943;28/04/2024;10:24:00;PARQUE DEL RETIRO;2;3;RETIRO;Atropello a animal;Despejado;Bicicleta;Peatón;De 45 a 49 años;Hombre;14;Sin asistencia sanitaria;442029,273;4473813,319;N;NULL
2024S014977;28/04/2024;20:45:00;CALL. ANTONIO DE LEYVA, 76A;76A;11;CARABANCHEL;Alcance;Despejado;Bicicleta EPAC (pedaleo asistido);Conductor;De 25 a 29 años;Hombre;7;Asistencia sanitaria sólo en el lugar del accidente;439228,321;4471275,22;N;NULL
2024S015029;28/04/2024;22:10:00;CALL. BUEN SUCESO, 3;3;9;MONCLOA-ARAVACA;Choque contra obstáculo fijo;Despejado;Bicicleta;Conductor;De 21 a 24 años;Hombre;NULL;NULL;439195,674;4475645,505;N;NULL
2024S015080;30/04/2024;2:25:00;CALL. PRECIADOS, 23;23;1;CENTRO;Caída;Despejado;Bicicleta EPAC (pedaleo asistido);Conductor;De 18 a 20 años;Mujer;5;Asistencia sanitaria ambulatoria con posterioridad;440094,197;4474571,167;N;NULL
2024S015155;30/04/2024;23:05:00;CALL. ARCOS DE JALON / CALL. SAN ROMAN DEL VALLE;20;20;SAN BLAS-CANILLEJAS;Colisión fronto-lateral;Nublado;Bicicleta EPAC (pedaleo asistido);Conductor;De 45 a 49 años;Hombre;7;Asistencia sanitaria sólo en el lugar del accidente;447265,814;4474647,679;N;NULL
2024S015160;30/04/2024;22:20:00;GTA. PUERTA DE TOLEDO / PASEO. PONTONES;1;1;CENTRO;Colisión lateral;Despejado;Bicicleta;Conductor;De 21 a 24 años;Hombre;7;Asistencia sanitaria sólo en el lugar del accidente;439594,431;4473113,492;N;NULL
